ID,sc1,sc2,sc3,sc4,sc5,sc6,sc7,sc8,sc9,sc10,sc11,sc12,sc13,sc14,sc15,sc16,sc17,sc18,sc19,sc20,sc21,sc22,sc23,sc24,sc25
1,,22,,,,,,,,,,,,3,,,29,,18,36,,,55,22,
2,,,,,100,,12,,,,,,,,,100,76,,,,49,,,38,83
3,3,,,,6,2,,,,,,,,,39,,,3,,3,12,,,,
4,,25,,,39,,0,,,,,,,,,,,,0,,,,12,15,27
5,57,,85,68,63,,,,,,,,85,,,,,,,,,19,,,81
6,,,,89,,0,,71,,,29,,,,,50,42,,,,,,,,55
7,0,16,,,,,9,,,,11,,,,,,0,8,,,,,,,10
8,,,,,,,,,,,21,,49,18,,,32,,10,,,,66,0,
9,,,,,,26,,87,,92,66,100,,,,,60,,,,,24,,,
10,,53,,,,21,,,,27,,,,,68,40,,21,,,28,,,,
11,,,,,,,0,,,24,,,47,0,,,11,,11,26,,,,,
12,90,,,,,,43,100,,,57,100,,,96,,,,,,,,,,92
13,,59,,,,,,88,,34,17,,,,,96,,,29,,,,,33,
14,,,95,,,,,74,,,16,,,0,71,44,,,,,,,66,,
15,,,,,100,,,,,54,20,,,,,,98,,,,,34,96,26,
16,,,,,,,,,18,,,,41,,,34,,,,,23,11,34,6,
17,90,,,99,,,,,24,,,,,,,98,57,72,,,,,94,,
18,,,91,31,66,,12,,,,,,,,87,68,,,,8,,,,,
19,,12,,,14,,,,,13,,25,33,12,,,,,,,,7,,,
20,,,,,,15,,,,23,27,,,,81,,,,47,64,,,,28,
21,51,,98,,,46,,,,,,,,,100,,,,14,,,48,,16,
22,,,100,,100,,,,,,,,,3,,92,82,,,93,,45,,,
23,,,,,,,,,42,58,,,,,,,,29,,,46,52,66,16,
24,,,78,,,,8,100,,,,79,67,,,,,61,,,25,,,,
25,23,,,,16,,19,,,12,,24,41,,,,,,7,,,,,,
26,75,66,100,100,,,,,,,,,,,,95,,46,,,50,,,,
27,,,,,,,,,25,45,31,58,,,85,84,,,,18,,,,,
28,,43,,69,,,,,,47,36,65,,,100,,,,29,,,,,,
29,24,3,,,,,10,,,,15,,,5,78,,,,2,,,,,,
30,31,41,,,42,9,,,,,,,,6,,,,,,40,,,,20,
31,40,,,64,,,20,,,,26,,,24,85,,,,,,,,,27,
32,,43,,,,,,,34,,,,53,,,59,55,,,26,,,68,,
33,,19,,,,14,,,,24,,,,8,,,,21,,,19,,,,44
34,,,,,,,31,,,,18,80,,23,,65,,,,64,,,,50,
35,,,73,,,0,,73,,0,,,,13,,,23,,,,,,,0,
36,,,,51,18,,,72,1,,,,32,,,,,,,26,,,,12,
37,,,,,,,,100,14,,,93,80,,,85,,,,69,,,,,84
38,,,79,80,,,,,,,,,,15,,35,,26,4,,,,,17,
39,,,,,,,,,42,,,,,18,97,,48,,,,,33,,54,100
40,,30,74,,,,15,,,,3,,,17,,,,13,,23,,,,,
41,70,57,,,79,,,92,,,56,,,,,,,,,,,17,,,100
42,,,,83,,20,,,,34,,,,,78,,26,,,34,,,,11,
43,,67,78,,,,,,,,,,,,90,,56,61,34,,26,,,,
44,92,,,91,,19,27,,,54,,,,,100,,,,,59,,,,,
45,,,,,,,,,,,,20,55,19,,16,5,,,,12,0,,,
46,59,,,,,0,,78,29,,,49,,,71,,,,,,,,,0,
47,52,51,,100,,,,72,,,24,,,24,,,,,,,,,,54,
48,,,,31,,,,,,,6,,,1,,30,0,,0,,,,,,51
49,,,,70,,37,26,,,,12,,,21,,,19,,,45,,,,,
50,,,99,,,20,,,,,,,63,14,,,,30,27,,,26,,,
51,,,,96,,,,,14,32,,,,33,,,,87,,,82,,,,92
52,,,,60,,,,,,,27,,42,,,63,,20,,,,,38,,35
53,,,,51,,16,,,,,24,,,,,,,,,19,0,,45,,61
54,59,,,79,,,,67,,,6,50,,,,,,,,33,,,86,,
55,33,16,,,,,,,0,,,,,,,24,,,,6,9,,45,,
56,,,,,50,19,,,,,,,,,87,,28,24,,,,3,,,47
57,,,,100,,0,17,,,,,,,9,100,,,,31,,,,76,,
58,,,,79,34,,24,,,,,,,,,,17,,15,,18,9,,,
59,,,90,,28,,,,,,13,,43,,,44,20,,,,,,36,,
60,,,,,,9,,82,16,,20,,,,68,,0,,,,7,,,,
61,,71,,,,,36,,,69,,,,32,,,,,56,,,,96,54,
62,,,,,84,0,,,,,,,69,,97,,,,,35,,,,23,61
63,,,100,,,,20,,68,42,,,,14,,,,,,,82,38,,,
64,88,,,,,13,55,91,,,,,77,,86,,,,,,77,,,,
65,,,,,,,,85,22,,40,,,,77,,,,44,,43,,,,90
66,,,,,,12,,100,,79,,,,,,,64,,,59,50,,92,,
67,18,15,,,,,0,,0,,,,56,,,,,11,,31,,,,,
68,,48,,60,,2,36,,,,,,,,,69,,,23,,,,,,82
69,,,,,30,,18,,,,,,,,86,,,,0,47,36,,,25,
70,,,,,,,,,,,,,,,69,,,,10,34,19,42,,33,57
71,100,,84,,,,,,,,,,,1,,84,,45,,,,34,,26,
72,,,,,,,,54,,,0,,9,,,,,0,0,,18,,38,,
73,90,,,,,,,100,,,,100,94,,,91,,87,,,87,,,,
74,,1,100,44,,0,,,,3,,,,,,,,0,12,,,,,,
75,,,100,,,,,100,,78,,76,84,,74,,,,54,,,,,,
76,,,,,,,,,,,,,55,,,34,27,14,,,10,,48,,58
77,62,50,,,54,,,,,,55,,,,77,,,65,,,,,,,58
78,,,100,,,29,,79,,,,72,52,31,,,39,,,,,,,,
79,,,,,,,,,,,,,75,,,,69,57,,54,63,39,81,,
80,,,,,,17,46,,,,,,,,93,,,,60,57,,79,,,92
81,14,,,,,0,,,13,0,1,,,,,,,,,10,,,55,,
82,,,,,96,,,,,,39,,,,,100,28,,0,,,,91,,92
83,,,,,,,,82,,,25,,,20,,,,,,46,,8,81,33,
84,,0,,,,,,,,,,,10,0,54,,7,,,6,,,24,,
85,22,,,,,,,,,,2,,,,64,,,,16,,23,,,23,39
86,,41,,,100,,,,,,,100,,,,89,,,,60,,,99,46,
87,,,86,,,32,15,,,21,,46,72,,,,50,,,,,,,,
88,,,,,,,11,,10,,17,,21,0,52,,,,,,,,,,38
89,,33,,,,,,,,,,46,,,100,82,57,100,,,,,99,,
90,,,62,,,33,,,,,21,,,6,,,,,,,,26,83,13,
91,,,,20,,,,,,2,,0,0,0,,41,,,,,,,,,14
92,,,,,,0,,,,15,,,,,53,,,,,2,9,,,0,0
93,,,,,,,,,23,,29,,56,,,77,,,10,,36,40,,,
94,,55,,,,,,,,,6,,,,74,,24,21,,24,,,,31,
95,9,,,46,,,0,47,,0,8,,,,,,,,,,,,,,30
96,9,,,23,31,,,,,,,0,,,,,0,,,14,,,12,,
97,,,,83,,,,86,,,32,,,,,,37,68,,,60,,83,,
98,,,,,34,,,80,0,,18,,,0,,,,,0,,,,,20,
99,5,6,,,35,,,,,,11,,,20,,,,13,,,,,,,27
100,,,75,51,27,,2,,,,,,,,,,26,,,,,10,30,,
101,,,,,,,28,,,,,,39,,,64,65,49,,74,,,,,86
102,,,,22,15,,0,,,15,0,8,,,,,17,,,,,,,,
103,49,,74,,,,5,,,,,,,17,,,,31,21,,15,,,,
104,27,,,,,,,,,,,29,24,,,,21,6,,37,,,,,29
105,,,,82,,,10,,,,22,,50,,84,,,,,,23,,,12,
106,98,62,,96,,,,,38,,,,,,99,,,,,55,64,,,,
107,,27,,,,,33,,,,3,,,,,,13,,,,,22,,0,43
108,,,96,,,5,,34,,,,,,0,59,,,,,0,,0,,,
109,,1,,,,,,,,,,5,,,,,,23,2,0,,0,,5,
110,,,82,,,,,,0,1,15,,34,,,,,,,,,19,,,36
111,,,,100,78,,,,,,,94,,,79,,,,,,,61,81,23,
112,,80,,,80,,,94,,,51,100,,25,,100,,,,,,,,,
113,,,,,82,,,,,,18,,69,6,,,,42,,,89,,,,73
114,,,73,,,,,68,,28,,57,62,,,68,,,,31,,,,,
115,,,100,,,,20,,,,66,,,,,,,36,44,,,52,,58,
116,,41,,57,,,24,86,28,,,,,0,,,,,,,,,,39,
117,0,,,,,0,,,,10,,14,,,,,,,9,,,,28,0,
118,,,,,,3,0,96,,,,35,,16,,,,,,20,,,43,,
119,,34,,,80,,,83,,,,,68,,,,,,,50,25,,,,59
120,,,,75,,,,79,12,,,,,,,,,,,,25,,62,1,53
121,,,93,,,,,55,,,,65,,,66,,,37,16,,,18,,,
122,,,,,100,,,,,,56,,69,,100,90,,,,,,28,,,96
123,,62,,,65,,,88,23,,8,,,0,,,,,,,,,,,78
124,,30,92,,,33,,,,18,,,,,,,,35,,,,,92,,74
125,67,,,61,,13,,,,7,,,,,,74,24,,,42,,,,,
126,,,92,,,,,80,,,,,,4,77,,,,0,,,,63,13,
127,48,,,,,,35,52,,,15,,,,87,,,,,,34,,,1,
128,,71,,,89,26,,,,,,,87,,100,,,,18,,35,,,,
129,,,,,,3,3,,,,,29,,,,,,,4,,,,59,0,39
130,,,,80,,,,64,16,34,,,,,84,,,,,,26,,,,37
131,24,16,43,,,14,,,,,,,,,,,15,,15,,,,6,,
132,,,,,,19,,,42,,,64,,,,,,53,31,,,42,,19,
133,,69,,,,4,,,,42,,100,,45,91,,,,,,,60,,,
134,,,,,,,,69,,9,,,0,0,,,8,,,,,,40,,5
135,,51,97,,,17,13,,,15,,,,,,,42,,,,,31,,,
136,,,70,74,,12,,82,,,,,,,,,0,,16,,,,,7,
137,26,,,,,0,,,,,,41,,,,81,42,45,,,,,,2,
138,,,100,,,,14,,38,,,,58,,,,,,1,,11,,69,,
139,,10,59,,,,,,,23,13,,,0,,,,21,,,36,,,,
140,80,,,,,25,,,,56,18,,,15,,,,,,,,,100,33,
141,,,93,,24,,,66,,,,,,19,,,8,,,,0,0,,,
142,29,,,,,8,,,,,,,50,13,90,48,,,,43,,,,,
143,,,92,,91,,,,,,,,,8,100,,,50,65,,,,,,85
144,,,,,,,8,,,,34,,64,11,,70,,,20,,,,,28,
145,,,,,,8,9,,,10,,,,,,,,,,,14,,8,7,28
146,,,88,,,14,,,14,,0,,,0,83,,,,,,,,,,6
147,,,,,80,,,,,81,,75,,,,94,,,,,30,,,54,97
148,,,,,,,,60,,,,47,48,,,,,40,,,35,,26,,67
149,,,,,,,0,,,,4,,0,,,,0,7,,,,,19,9,
150,,,,,,16,0,,0,,0,,0,,,32,,,,,,,31,,
151,,,89,,,13,,,,,12,,,,,,,,11,,,16,0,0,
152,,,,,,60,33,,,,,,,21,100,,52,48,,100,,,,,
153,,26,,,,,,,,,32,,,,57,,,,4,25,,,74,,38
154,,67,,,,,,100,,76,,,,,,,,,53,,32,48,,,100
155,,,,,,0,,81,,9,,,21,,,23,,,0,,,,,,2
156,,,89,,,,,,,,,,52,,21,9,,3,2,,,0,,,
157,,,,,,,,,,3,,0,,,,,,0,,,,0,48,5,37
158,23,15,,,,,,,6,6,,16,64,,77,,,,,,,,,,
159,,,,,,,,,,,,,57,21,,,,36,8,44,,34,,7,
160,,,,39,,9,,,,,,3,,13,41,,,,,,,,,0,1
161,,57,80,,,,,,67,,32,,,,,,,,,26,,,91,62,
162,48,,88,,,,23,86,30,,,,,,91,,,,,,,22,,,
163,,,,,,,40,,,64,,,,28,83,,,80,,,56,28,,,
164,,,86,100,,,14,100,,,,,,,,78,38,,,,,,,34,
165,,27,,,,,0,36,,18,,19,,,,,,,,,,11,,0,
166,,,84,,63,,,67,,,,,,,,72,,19,26,,,,52,,
167,,67,,100,,,12,100,,,,,,,100,,,,43,,,,84,,
168,,,57,,,21,,,21,25,23,,,23,,,,,,,44,,,,
169,,,,,,,,,,39,40,44,64,4,,,,,,39,,,,,55
170,58,,,82,,13,,,,,,65,67,,,76,,,6,,,,,,
171,37,40,91,,,,,,,,,,,,,88,28,,,46,,,,,52
172,34,,80,62,,,,,,20,,78,,,,80,62,,,,,,,,
173,,,,72,,15,,91,23,,,,,0,,,19,,,,35,,,,
174,,9,,40,,,,,,,,,36,,59,,,6,,,,16,,,26
175,,0,,,,,0,45,,,,,,,,,7,12,0,,,,,0,
176,,21,,,,10,,53,27,9,,,,,,,,23,,,,,,16,
177,,,65,,,,26,,,,14,,,,,,5,,,,0,,,4,25
178,,,57,,27,,,,16,,,,,,65,,,16,,,0,,,0,
179,15,,,,,0,1,,,,8,,,0,,,0,,,,,,,,28
180,,,,54,,0,,,,,0,30,,,,,,2,,,7,,,0,
181,,,88,,,6,,,0,,,,10,,,24,,,,,,0,,11,
182,,,,,,,8,,4,,,,,,69,69,,0,,,,0,,,5
183,,,,,65,28,,,,,,,,,89,,25,49,17,,41,,,,
184,,,,,,12,11,,,,,43,62,,,,,,20,,,21,,14,
185,,,84,,,,,,,,40,,,,94,100,,,,,,50,90,,90
186,,68,90,,,,,,,,,,,,89,,,,41,69,,,,47,97
187,40,27,,,,,,61,29,,12,,,,,,,,0,,29,,,,
188,,81,,,,,,,,41,,100,86,36,,100,,,,,,41,,,
189,100,,,90,,,,,,35,,,,,100,100,,,,,91,59,,,
190,,1,,,,,0,,0,8,0,,,,,40,,,,,20,,,,
191,41,,,,,17,,93,22,,,,,15,,,,25,,14,,,,,
192,,,,,,,0,,,11,,,36,,,,19,,,33,41,,64,,
193,,69,,,,20,,,,78,34,,,,,,,100,,,,60,,,100
194,,,,,,,,82,,11,14,,34,,,,,1,,,0,,,,52
195,,,,,,,,,,37,,,89,,,,,62,37,,,,77,19,94
196,,,,,,,13,,,,,,48,0,57,,,,,34,,7,62,,
197,,18,,,,0,18,,,2,,,21,,,,35,,18,,,,,,
198,,,96,,,33,,,58,,36,,,0,,,,,,,65,,99,,
199,,,68,,15,,,,,25,19,,41,,,65,,8,,,,,,,
200,,,,,,10,,74,,,30,,,,,,27,,10,,,,60,9,
201,,,97,,,,10,,20,,19,,,,84,,,,,11,,,,,48
202,38,,,71,32,,25,,,8,,,,,,38,,,,,22,,,,
203,,21,,,,,,,,15,,15,,,,38,,14,,11,12,,,,
204,,,,,,17,3,,0,19,,37,,,,,,,,,,,,10,49
205,,,,,97,,,,41,,,,,45,,,,49,,64,,73,92,,
206,,,,,,7,,,,,,52,,15,,,,64,22,,63,,100,,
207,75,,100,,,,,86,,,,,65,,,,,34,,37,,,,25,
208,,,,,,,20,,,,,31,40,2,64,,,,,,,40,53,,
209,20,42,80,44,,,8,,,,,,,,,,,,,,,,,3,48
210,100,,100,96,79,,,,,,,,84,31,,,,,,46,,,,,
211,,,,66,,,,,,17,,,39,0,59,,29,,,45,,,,,
212,,,,,,,28,,,12,,,,20,,,,26,,,2,10,53,,
213,88,,85,,,45,,,47,,,,,41,100,100,,,,,,,,,
214,,,,52,,,12,,,,,,,,,,,28,,18,45,,47,,42
215,,,78,,,11,,,,,,,28,,,,,,14,,5,,44,,42
216,,35,,,,,,,,,,,,17,,90,56,,16,,43,30,,,
217,,,,,,14,,,,,6,,,,,,,36,0,30,,9,63,,
218,29,,,,,0,,,,26,,,,0,92,,,,,,,3,46,,
219,,,79,,,,,,8,,,,19,,53,,,12,,,,,,1,32
220,,,82,,,3,6,,,2,,22,,16,,81,,,,,,,,,
221,,,,,,0,,78,,,53,,,,,,41,,,,52,31,60,,
222,,40,,,53,,,77,,23,,,49,,98,,,,,66,,,,,
223,,41,,,,,,,,,20,,57,,,44,26,21,,,,12,,,
224,,,100,,,,,,,71,13,,89,19,,84,,,39,,,,,,
225,14,,,54,,16,,,,0,,,,,51,,0,,,0,,,,,
226,42,,85,,,,17,76,,,,,,,,,,,,36,,,,3,55
227,19,,,,,,,,,,3,,33,0,,52,,28,,,,,,,49
228,,,80,,,,,77,,,,27,,,,,,,,32,40,38,,10,
229,24,,,,,,17,,,,0,,,23,64,,,,,,,,,6,18
230,,,93,0,0,0,9,,,,,3,,,,,,,,,0,,,,
231,,,,,,,,83,,,67,93,,0,,,,,,,,51,100,35,
232,,0,,,,0,4,,,8,,,,,,,,,,0,,16,,,8
233,,,68,,,3,,62,,43,,,,,100,,,47,,,,,,,78
234,26,,62,,,,1,,,,7,,,,78,65,,,1,,,,,,
235,43,13,63,50,,,,77,,,,,,,,,37,55,,,,,,,
236,,,,,85,,6,95,60,26,,,,21,,,,,,,,,82,,
237,,,,76,,,,,35,,20,47,77,,,89,,,,49,,,,,
238,48,,,,28,,20,,35,,,,,,72,,,,7,,27,,,,
239,81,,,,,55,,,,91,,86,87,,,,,52,,,,,100,,
240,,24,,70,,0,,,,28,,,,4,,,,,,,,6,,,59
241,,17,,66,,,,,,,,33,,,,57,,,17,,,28,37,,
242,41,,,,,,,,29,,,,,2,,57,,56,,,,,67,9,
243,,74,94,,,,,97,,,,80,65,,,,,,,,55,,,,69
244,,34,99,97,,45,,94,,,,,,,,,,,,54,47,,,,
245,,,100,,,,,,,36,,100,,33,,86,,100,,48,,,,,
246,69,,,,,,,83,46,,,,,,,84,61,,,97,,77,,,
247,,,,,,0,9,,,,43,,,18,72,,,,8,,,43,,,
248,85,,,,,8,43,,,,,,65,,81,,,41,,,,,98,,
249,,,,,26,,5,,4,,5,,53,,,,1,,9,,,,,,
250,,,78,,69,,,98,,,,,95,,,,,33,,60,,,,,92
251,,,,,,16,,,,,,,23,3,,,28,11,,41,13,,,,
252,85,62,,87,87,,,,,,68,99,,,,,,,,,,24,,,
253,,,,61,,,,,,,,30,37,6,,76,21,,,,,,63,,
254,23,,,,31,,12,,,22,,,,,,,34,,12,,,,,,63
255,,22,,100,99,,,,,,,35,,,,,,57,,,59,,,,65
256,86,,89,94,78,,,,20,,,,,,,,,,,,35,17,,,
257,,,,,56,,,,,18,,,0,,,,0,,,3,,,47,,12
258,,,,,,,17,36,21,,,,43,,,,,18,,,0,,,,48
259,,44,,,,,31,,35,,,,66,23,,,,,,,30,16,,,
260,,,100,,,0,,,,,27,20,,0,92,,20,,,,,,,,
261,,,,,76,,6,95,,32,,,,28,,,,55,,42,,,,,
262,,,,,,,5,,,,,,,28,99,87,,,,,29,43,,,71
263,,12,,,39,,,65,,,10,2,,,,,,,,0,,12,,,
264,,,,76,,,47,,59,,,80,,0,100,77,,,,,,,,,
265,41,,,,,,,78,24,,,,,21,78,,,,,,,13,,12,
266,,,,88,,,,,,33,,,,11,99,73,,,,57,,,,,74
267,,,,,,,,82,51,,,66,,,,,,64,,68,,,82,18,
268,22,2,,,1,,,63,,,,0,,0,,,,,,,,20,,,
269,,,100,,,26,,100,,,,,73,,,,65,52,,,,,,,88
270,,0,,56,,,,34,,,,,,,,7,5,,,,,,0,,48
271,,60,84,,,,,100,,,,,100,,,100,,,,73,,34,,,
272,,,,84,,,,,,,,,62,,81,66,40,,,48,,,,6,
273,,,,,,,,,,,,,,13,,40,,2,,33,6,,13,,56
274,,15,,,8,,,,,,5,,,0,,,0,,,,,,64,14,
275,,,,,3,,,66,,,,,,,37,,5,,,3,,,0,2,
276,,35,85,79,77,20,31,,,,,,,,64,,,,,,,,,,
277,31,,,,,0,,,,,14,,53,,,51,,,,,,2,,0,
278,,,62,,,5,,,,,18,53,69,,,,,,,,,4,53,,
279,,,,71,,4,,81,,,,,63,,,69,,57,,,,25,,,
280,,,,96,63,,,,36,,,,,,100,,,,,,18,,68,10,
281,17,21,,59,41,,,,,,,,,,58,,,,7,,,,,9,
282,,,,52,,,2,,,0,,1,,,32,,,,,4,,,,0,
283,,20,59,,,,13,,,,7,,,,55,,,,16,,,,40,,
284,,,,47,32,,,53,,16,,7,,,,,5,0,,,,,,,
285,,,88,80,85,,33,,,,24,,,,,69,,66,,,,,,,
286,,53,,55,67,,,,,,22,45,,,,53,,,,,32,,,,
287,100,70,,,,,,,41,,,47,,,,,,,,,73,22,,,88
288,,,52,50,40,,,,,,,,,,,,,,,3,0,,15,,12
289,,17,,,,,,,67,62,,,,,72,79,23,,,,,,,4,
290,,,,84,93,,19,,,,60,,100,23,,,,,,,,,,,84
291,,,,,83,18,,,,47,22,,,,,,39,,,,47,36,,,
292,,,,41,,1,,,,,,21,36,0,,,,,,8,,,,1,
293,,,97,60,,0,,91,,,,,,,,,,,1,39,,,,,65
294,,,,100,90,,,92,,,,57,95,,,,,66,,,,54,,,
295,,,78,,,,,,,,,35,,,,,,,5,19,25,,,4,38
296,,,,92,,,,,,69,,,,,,,,32,,46,21,43,,,69
297,,,,70,45,,,,,,46,37,,,,,34,17,,,17,,,,
298,,,,,70,,31,90,,,,,77,43,,,40,,,,,,,39,
299,,8,,,,,7,,,,,,7,,27,52,,4,,,,3,,,
300,10,,85,,,,,65,,,,17,,21,,,,,,20,0,,,,
301,,30,88,,,,,,,,,45,,,,,62,,39,75,,,64,,
302,,,,,,19,30,,,,5,,,,92,,37,,,,27,,48,,
303,,,,,96,,,,,19,43,45,,20,,,,,14,,,,,31,
304,95,,,,,,,85,53,,,,100,,,100,57,,,,,,,,96
305,97,,,100,,,,,,,,,,,85,100,53,,5,,,,90,,
306,40,,86,,59,,,92,,38,,,,,,74,,,,,,32,,,
307,,,,,,20,30,90,,,,,,,100,100,84,,,,,,,27,
308,,,,,,14,,,,25,,,,10,76,63,,20,,,,,,32,
309,,,,,15,0,,,,,15,1,,0,74,,,,,,21,,,,
310,,,,,,15,,83,,,,,73,5,96,,,,,,,,41,29,
311,,,,82,35,,,,,,,27,,,63,46,,22,,,33,,,,
312,,,,,12,,,,9,0,0,,,5,,,,,,,,,35,8,
313,,,,95,,,,92,,,14,64,76,,83,,,,,,,,84,,
314,58,,,,,,33,78,,,,,59,31,,,,,29,,35,,,,
315,,,,86,91,,,,31,,,64,70,,,,,,18,,,,,66,
316,,,,,,,,93,,,31,,85,,,76,,,,54,,,58,,88
317,,,,,,,,,9,,,,34,,,,,21,7,,,4,,19,57
318,85,,,,91,,,,,32,,71,,,,,,,,,80,,96,32,
319,9,,47,,,,,12,,0,,,,,83,40,,,,0,,,,,
320,,,,,,,,,,26,25,,50,,,56,,,,,,,74,0,55
321,19,,,,,,0,,,,15,,19,17,,,,,,,,,12,0,
322,,,,,23,0,,,,14,16,,,15,,34,,,,,16,,,,
323,,41,,,,19,,,,,56,,,,,,66,67,17,,,,58,,
324,58,34,93,,,,34,,20,,,60,,,,,,,,,,,,16,
325,,63,,78,,44,,,,61,,,,,,,,57,,,,,73,48,
326,,,,,53,8,,,29,39,,61,63,,,,,,,44,,,,,
327,,,70,64,58,11,,,,,,,,,85,,43,,,,,,,,30
328,,19,,,,10,,,,,,,55,,,48,,,,,24,,57,13,
329,100,,,,,,,89,30,,,72,86,,,89,,,,,,,,,82
330,24,26,,,,,,,19,,,,,,75,,17,,,,,,,13,49
331,,,100,63,72,,,,30,,29,57,,,,,,,18,,,,,,
332,,1,,,,,0,,,6,,7,,,,44,10,,,,,,,8,
333,,25,,79,100,,,,76,,31,,,,,,,63,,,,,80,,
334,,,,,,10,,,,,,,63,31,,,,,,33,,33,,20,31
335,28,,,,,,,64,,,16,15,,10,,,,39,,,,,45,,
336,,33,97,,,,,,,43,,,,18,,,59,,,55,,,,,57
337,,2,,,22,,,43,12,,,3,,,57,,,,,,,,,3,
338,,,,,,,25,,,,39,67,,,81,,13,,9,,,,62,,
339,,,92,,68,,14,,,,,,,40,,87,27,,,74,,,,,
340,,,,,,25,54,,53,,,,81,,87,96,,82,,,,,,,
341,,,85,100,,,,,,,,,,29,84,,67,,54,75,,,,,
342,,,87,,42,,23,89,,,,,57,,,,,,23,,,,79,,
343,,,,81,,,19,,,56,,,70,,,,59,,24,,,,,19,
344,68,20,73,,67,,,,35,,,,,,,,,,,41,,43,,,
345,32,,,,,,,59,,,,,,13,,63,,28,,,,19,,23,
346,9,11,,,,0,,,,0,,,,,68,,,,0,0,,,,,
347,,,,,,,,76,,18,,51,,,,,,,,45,,20,57,,74
348,,53,,,,30,,,,90,,,,,,,50,43,,67,,,,,100
349,95,,,89,,,,90,,74,,,,,,,63,58,,,75,,,,
350,,70,97,99,,,,,,74,,,100,,,100,,,,80,,,,,
351,,,,,,10,,,,,15,15,,,65,,,,,,,14,74,,59
352,,,100,82,,,,,37,,,67,81,,,,,48,,,,,89,,
353,44,,,,,,,49,32,,,,,,,56,,20,,14,,44,,,
354,,83,,,,,,,66,,,73,,,97,,41,,7,,,57,,,
355,,,63,,,,,,1,,,,16,,65,,,9,,6,,6,,,
356,,,67,40,,,,,2,,,,,,,47,,,0,,,0,,0,
357,7,15,,46,,,0,,,,,26,,,,,,,14,25,,,,,
358,44,,,50,,1,,80,,,,,,,69,,16,,,,,,,30,
359,0,,,,,0,,,0,,0,3,,,,,,,,,0,0,,,
360,,,37,,,,,69,,,,,,,,,,6,11,,,,30,3,57
361,,,56,,,2,4,,0,,,,,,92,,,0,,22,,,,,
362,,,,48,,,,,,29,11,,,,49,,,,,8,14,,69,,
363,,14,96,,,,,,,17,,42,54,,,,,,13,,,34,,,
364,90,,100,,,,,,,,,,,,,79,49,,0,51,,,,48,
365,,,,,94,,,71,,,,,88,,,,58,41,,,,54,67,,
366,,30,,,45,23,5,,43,,,,30,,,,,,,,,,,3,
367,,,91,99,,,,89,,,,,100,,,,75,,,,60,15,,,
368,,,,,,,,60,,41,,57,75,,,,,34,42,,,,,,58
369,45,,100,,,,,81,,28,,,,,,,,,,58,28,,,,76
370,,18,,,,0,,,,,,84,,,,65,,,,62,32,26,,,
371,,37,,,77,23,40,,,,37,,,,,,,,,,56,,,5,
372,,33,,,,12,,,,,,38,,,,75,,,19,,44,,,,59
373,,,,,,31,3,,,,,,70,,,,39,38,46,,,,,,48
374,38,,61,,,5,,78,,,,28,,,,,,18,,,,,32,,
375,,,,,,,,100,,,,,,,,100,74,65,27,,,69,91,,
376,,,,33,17,,,,,,,,,6,,,,,,,0,7,5,1,
377,,,,,90,,,100,16,,38,,,,,,,66,,,53,26,,,
378,,,,,32,,,,,,,,,23,73,63,,,,33,38,3,,,
379,,40,,64,,7,32,,,45,,,,,,,,,27,,,,81,,
380,,15,,,,,,,,,0,6,4,,,,0,0,,0,,,,,
381,83,65,,,,,,,,,56,,,,,95,,,,46,,,,45,85
382,,,,,44,1,,,15,,,,,,,,,1,13,,,6,,,11
383,,,,86,,,30,,25,,,49,,,,64,,,,,,12,,22,
384,,,,,,,,,,20,,72,,,91,,42,,6,,34,25,,,
385,,,,,,,,,,76,,,,41,100,,56,49,,,,,88,53,
386,,13,,,,,,75,,,0,7,,,51,76,,,0,,,,,,
387,,29,63,,,,12,,,,,,,0,,,31,,2,,,,,,31
388,18,5,,,,2,21,67,,,,,,,,,,,,,,,,0,30
389,,,,,,,,90,34,54,,,,,90,94,,68,,59,,,,,
390,,,,83,,7,,,,,,31,,,,,,34,,40,,49,,5,
391,,84,100,,,,,,60,,,,,,69,,67,,17,,75,,,,
392,,4,,28,15,,,,,,,,,,57,,,11,,22,0,,,,
393,,,,71,,,,,,,,7,,,31,51,0,,2,,,0,,,
394,,72,100,81,,,,,71,35,,,,,,82,,,,43,,,,,
395,,35,82,,,12,,,39,,,,,12,98,,76,,,,,,,,
396,28,,,,,,,,,,,29,46,3,,56,,37,1,,,,,,
397,76,,,,100,22,,,,50,58,,,,100,100,,,,,,,,,
398,58,,,69,,,,64,,26,,,,13,69,,,,,49,,,,,
399,,,100,82,,,38,,,,,,,23,93,,,48,,,,80,,,
400,,0,,,,,24,,,8,,,21,,,,,,,20,11,,22,,
401,,45,,100,,,,,,83,,96,,,,,,,42,,55,,,48,
402,,0,,56,,0,,,,,10,,,12,,,,18,,,,13,,,
403,70,12,,,,,,,,,,,,,68,,,,,53,,35,,37,48
404,,,,,,,50,,,61,39,,,17,,79,,92,,,,29,,,
405,,,,67,,20,3,69,,,,,,,,,,23,,,,,,0,6
406,,,80,59,,0,0,,,,,,17,,,,20,,,,,,,,39
407,,,68,63,,,,,,,45,28,,,52,,,,,,26,,,23,
408,,,,,91,,,93,,,20,,,58,100,,69,,,,,,73,,
409,,34,,75,,0,,63,,,,,,,,,26,,,,,23,49,,
410,,,,,,19,,,,,,,87,11,,100,,,,66,,,94,18,
411,,41,,,,,,91,,19,,80,,,,,61,44,,85,,,,,
412,,20,79,,,14,17,,28,,,,,7,,,,,,,,,,5,
413,,,65,71,,16,,,,,,27,,,69,59,,,,,,,,,47
414,,32,,86,,,,79,,30,,,,,,,,50,,,,43,,,58
415,,,,,,,23,77,33,,0,,,,,,37,,,14,,,,30,
416,74,,81,,64,,,76,,,24,,,,,,34,,,57,,,,,
417,45,,89,,83,38,,85,,,,,61,,,,,,,,,,90,,
418,,,,,,2,,87,,,,,,49,,81,,,,44,,43,,20,
419,,40,,,,,,,,44,,,,,77,,47,,,53,45,25,,,
420,,,,66,69,,,,39,,,,,,,,28,,22,,40,29,,,
421,85,67,,85,,33,,,,,,,,,,,,54,14,,41,,,,
422,,79,,,,8,,,,,,61,,,,86,53,,,,,,100,54,
423,,,93,,92,,,100,79,,,,,,,,53,83,,,56,,,,
424,100,,,81,,,,,62,70,,,,,,,,55,,,,33,,5,
425,,,,,,,,,,28,,56,27,,,,,42,,,36,20,,,72
426,66,,,84,,,,,,,24,,,12,,,,41,,,54,22,,,
427,,36,,63,73,,,,,,,,,,,80,,19,,,,,,36,68
428,35,,74,,,3,,80,24,13,,,,,62,,,,,,,,,,
429,,20,,78,39,,,,,,,10,,,,,,12,,,,,29,6,
430,24,,70,54,,,,,,,27,15,,,55,28,,,,,,,,,
431,,,,,53,,,,10,,25,,,,46,,10,,,,,,,7,53
432,,,,96,,,,,,,,43,,,84,,,,,33,,28,,16,75
433,,,88,,,23,11,,45,,,,,,82,,,,,,42,,,5,
434,36,,,55,,,,67,,,3,,6,,,,9,,,,,,,,63
435,41,,100,99,,,17,87,,,,,,,,,,,,72,,0,,,
436,45,,,90,,,,,,,,,73,,,,64,39,,,,15,,31,
437,,77,100,,70,,,,,,,,,,,,45,,58,,,,76,18,
438,,,,,,,,,10,,11,15,0,,,,11,,,17,1,,,,
439,89,,80,90,,,,,,,,,,,,,,65,47,,52,66,,,
440,12,,,25,,,,,20,17,,,,,,,24,,,,0,21,,,
441,84,,,,,20,,88,,,39,,,24,84,,,,,,,,,,73
442,,,,,100,,,,,,,,,17,,82,55,,,50,,,86,68,
443,,39,,,,0,2,,18,,,,,,63,,,,,,16,,,,66
444,39,,,,,,18,,,,10,43,60,17,,,,,,,,,83,,
445,100,,,85,,,,,28,63,,100,,,93,,,,,,,19,,,
446,10,,69,,,0,0,,,,,,,,,,0,,0,,0,,,,
447,,,100,,,,61,,25,,,68,,,100,100,,,,,,,,,100
448,,100,87,,100,,64,,,54,,,,,100,,,,,,,18,,,
449,15,,,,,,0,,0,,,,,1,,73,,,,29,,,26,,
450,,,,,57,,,,,0,,,,15,56,,,0,,,,,53,,19
451,,80,,72,,,15,,,52,,,,,,75,,62,,,58,,,,
452,15,11,,,,0,,,,,,15,,11,,53,,,,,,,,,53
453,0,,,,,0,,,,16,11,,,,83,54,,2,,,,,,,
454,,,,48,,,,,,19,31,37,,0,,,19,,35,,,,,,
455,78,,,81,61,,27,,,,,,,,,,,,,31,32,,,38,
456,,,,,,,,91,,62,49,,,,,,,,,,54,60,,23,97
457,,,47,,,,12,48,9,20,,,,0,,,,,12,,,,,,
458,45,42,,,56,,,70,,,,42,,,,,,,,,,,83,,68
459,,,57,90,,17,,,17,,,,,,,,,,,45,,,,16,37
460,70,,,,,,,,,99,,100,,39,,90,,,,,67,,,42,
461,21,,,58,,10,22,,,,,,,,,55,,,,,27,,41,,
462,20,,,43,42,4,5,,,,,,,,,,,,22,,,,,,51
463,,34,,,,,,,,13,28,,,,,,,7,0,,,29,,,30
464,,,,,,,56,,,,72,,85,31,,100,,,56,,,,,62,
465,,,,,,,5,,13,15,,16,,,18,,,,,,,,17,,28
466,,39,,66,,25,,,51,,,,,,,65,,,,61,31,,,,
467,,,84,84,74,,,,,,,87,,,,,,61,49,29,,,,,
468,,50,85,,,0,,,,61,34,,66,,,,,,,,,,,,68
469,,15,,70,,0,,,,,14,,8,,,,,,,,,12,,13,
470,54,37,,72,50,,,,,,,,,,88,61,,,,70,,,,,
471,,,,82,,11,,,,,,,14,,65,,,,,20,17,24,,,
472,,,95,,63,,,,,,,,61,,99,77,,,,,,,98,48,
473,,,,,,0,,,,,,,,,,,0,14,0,0,10,,,5,
474,,,,,82,22,,77,38,,,,68,,,88,,,,,,,56,,
475,,,,,,16,32,,,90,,,,,,,68,,,,53,73,,28,
476,,,72,75,,,,,,,5,,,18,,,46,,,,45,,,,84
477,51,,86,68,,,,,,,23,,,,99,,,60,,,,47,,,
478,25,,,70,44,,,71,,,,,,,53,,,,,,24,,26,,
479,,,,,60,,,,,,,,77,,,,48,38,12,,,24,,10,
480,,61,,,,,,77,12,,45,,,0,,,,,,,40,,,16,
481,44,21,,,,,,,,,43,,,26,,,9,46,,,22,,,,
482,,,,99,74,,,83,,,,,,42,,,,,0,,,,90,23,
483,,,70,,,0,,64,1,15,25,,,,,,,,,,,,,27,
484,,,94,,,,,73,49,,50,,,,,87,,48,,,,27,,,
485,,13,,,,2,,86,,11,,,,,30,49,,,1,,,,,,
486,100,,,100,,18,,,,,,,,13,90,94,,,3,,,,,,
487,,,,,56,,,,20,,,,,,,43,19,29,19,,,,53,,
488,,18,82,,,,,,46,15,,35,,,,,,35,,,23,,,,
489,,,,,,,,,33,,31,91,,13,,,,,,42,68,43,,,
490,,,83,,,,,87,,23,,,,,,100,,39,,58,45,,,,
491,100,,,,,0,,,,,,,75,33,,,20,,,56,,,91,,
492,,,90,100,,18,,,,,,73,,,,,,,35,,,55,77,,
493,,,,,10,,,98,9,2,,,,,,,,,,,,0,2,0,
494,,,,,,23,,100,,,,,,,,,75,,3,45,53,,88,,
495,,,87,84,,,,,,,,,64,,65,80,47,,,,47,,,,
496,,,,,,,,,67,,57,,76,,92,77,,55,,,,,,,78
497,,,,,48,,,,,,,31,,0,45,25,,26,,,,,,,24
498,,,,,90,0,25,,,,58,80,,,,,,,,,59,,,39,
499,,14,,,,0,,,,5,,8,,9,,,,,,,,,,16,35
500,,0,,,,0,,,17,17,,8,38,,,,,15,,,,,,,
501,6,,,,,,0,,,,,6,,6,,9,,,,,,0,53,,
502,,,89,89,,45,,,50,,,,64,,,,,,,70,,,,,64
503,,,,71,,,,72,16,,37,,,22,,80,46,,,,,,,,
504,,54,90,,,,,,,,,34,64,,,,52,,,59,66,,,,
505,,,,,,0,13,,0,,,,,,,,,12,0,,,0,,,41
506,,,,,,,,,12,0,,,24,,67,,,,,,4,16,9,,
507,,,,81,26,0,,,,23,,,,,,50,,,11,,10,,,,
508,,,,91,25,,,52,,,7,,,,36,,25,13,,,,,,,
509,,,,,,26,,82,31,,,,,,,67,36,,34,,,,,,62
510,15,,,42,33,,,,,0,,,,,,28,11,12,,,,,,,
511,,,,,,7,,,38,,,,22,,,,,31,20,,,,60,,68
512,,,,,58,0,,,,,,,,,15,35,,4,9,,,,,1,
513,,,,,,,13,,,,,10,,20,23,27,,,14,,,,,19,
514,81,,,,,,10,,,,17,,,,84,98,,,,,73,,,18,
515,,8,,,,,,77,,,,27,,,,,3,,13,1,,,12,,
516,,,,,73,39,,,45,38,,36,,,,,,,,,42,35,,,
517,,,,,69,21,,,,,16,,,4,96,,,,,30,8,,,,
518,30,13,,,,0,,,,,,,,21,45,70,,,,,18,,,,
519,4,,,48,23,,,,,,,,,,39,0,,,0,0,,,,,
520,68,,75,,,,,,,41,13,,,26,79,,,,,,,,,,60
521,79,,,94,,22,7,,36,,,,,,,,84,,,,,,97,,
522,,,83,85,,,,,,,,,,,80,71,,37,,28,,40,,,
523,26,,,,40,6,,,,,,,,17,,29,,,,,9,,,5,
524,59,,,,,20,,,,,,,93,15,,,,79,,,,51,,33,
525,25,,80,,,,,79,,,,21,49,,,,,,,,,,,15,57
526,,,,,72,2,,,,24,,29,44,,,64,,9,,,,,,,
527,,55,,,,,,100,,22,,64,,,100,,,94,49,,,,,,
528,,100,92,,,,,,,,,69,,,,,,,,,80,66,85,29,
529,37,,,73,,,,92,12,,0,39,,,93,,,,,,,,,,
530,87,62,,84,,,,,,,,,,48,93,,,64,,,,33,,,
531,,,,89,73,14,,80,,,,,,32,,74,,,,,62,,,,
532,,,83,,,,,,,44,,,83,,94,,,,62,,77,9,,,
533,,,66,,,,,70,,,14,68,,9,,,,,,,37,25,,,
534,,,,,,13,0,,12,0,,,,,,65,,12,,,,,,7,
535,24,,,38,,,15,45,,,,,,,,,20,,,,0,18,,,
536,61,,,91,,,,,,,,91,,,,100,46,,,,42,,,,90
537,,,80,,,,,,,,,,,0,51,,19,,8,,,1,21,,
538,,,62,44,,,,,,,,31,40,,69,,,,,,6,,68,,
539,,,,80,79,,,93,39,44,,,,,,,40,,,,,,84,,
540,,,,,,15,,72,,24,,,,,53,,,,,27,,,49,25,
541,,,,,30,3,1,,,1,,,,,65,,,,3,,,,,10,
542,,,90,,71,,33,,,,12,,,,,55,,,,,39,,74,,
543,,,,94,81,,,,,,,77,85,54,89,,,,,,66,,,,
544,,0,88,53,,,,,21,,,,,7,,,0,,,,,,36,,
545,47,,,,68,41,2,,,,,60,,,,,13,,4,,,,,,
546,,,,,,,,,6,0,,1,,,,66,10,,11,,,,,1,
547,,17,65,,,8,,,9,0,,,,,,,,,,10,,,,,13
548,100,47,,,98,,,,22,,,,86,,,,62,,,,,,,18,
549,,,92,59,,,,,,,,6,,,,,,27,,27,1,,61,,
550,,60,,,,0,,100,,55,,,82,,,,,,28,22,,,,,
551,,,,79,92,,,,,36,,,93,,97,,,60,,,,,,,89
552,,12,100,,,,,,35,,,,,,,82,39,20,,,,,63,,
553,,,,,,33,36,,31,,54,,,,100,,,,64,,80,,,,
554,,45,,,82,,32,82,,,,,,,,66,,,6,60,,,,,
555,,,,,,4,,,,58,34,59,71,24,,,,,,,,,63,,
556,,,,,,,25,,,,1,,,,,77,,43,30,52,,,71,,
557,,0,72,,4,,,,15,0,,,0,,,,,,,,11,,,,
558,,99,83,,,21,,100,,,,,,,94,,,64,,,,,96,,
559,18,,78,,,4,,,,,,,0,,,,,,22,,0,0,,,
560,99,,,,,,,,55,,,,,,93,,68,65,0,,,,,31,
561,53,,,72,,,,,20,,,,,0,,,16,,24,,,,,,52
562,,,,,,,,,25,59,,,,,,,,,57,,54,55,89,,74
563,,,,98,,28,,,,27,,,,,98,,69,,33,,44,,,,
564,23,,,,,,,,,27,11,,,14,,,,,,,,,50,12,21
565,100,,100,,80,28,,,,,,,,39,,,,,62,100,,,,,
566,,,100,,,,,91,,,,,,,71,79,,,,,45,6,,,100
567,,4,,64,,,,,,15,,11,10,,,73,,,,,,,19,,
568,,,,,26,,,,,,9,,,,68,,,19,,10,,11,55,,
569,,,100,51,,,,,,0,0,,,,,,,0,,0,11,,,,
570,,,,,,,,,36,,64,86,100,,,88,,,,,48,29,,,
571,54,,,,,,42,,,59,40,,,,,64,,,,,32,,,,65
572,,,92,,,11,,,,0,,,16,,,,,,5,,,,,11,24
573,,56,100,,69,,,78,,,,82,,,,,45,,,,62,,,,
574,,,,59,,,,,30,,,,,,94,66,,,,32,20,,,22,
575,,41,,,,,,81,23,,,38,,,,,,,2,41,,37,,,
576,,,,,17,,,,,13,,,20,,,,,,4,7,6,0,,,
577,,,,66,0,,,,0,,0,25,,,,,,,0,,,,,,54
578,9,,68,,,,,,,,,0,54,19,,,0,,,,11,,,,
579,,,,,,,,62,,7,2,,,,,15,30,7,,,21,,,,
580,,59,,,,,,100,,48,,,,,,90,,,,50,,54,,,97
581,,,,,45,15,,,27,38,,,,,74,,,,,,20,,38,,
582,,,,,,,,74,,,,,,,,,22,29,29,,22,,,16,70
583,,,,,53,20,,100,,,,,,,,49,,31,,,,,58,9,
584,,51,,,,,,,,,,,54,19,,,22,20,,,,,48,,60
585,59,41,67,,,12,,,,18,,,,,,,,,,,41,46,,,
586,,26,,,,,,,24,,,,,,,47,,,,29,8,,,16,49
587,,63,,,,,,95,,,,100,100,,100,,50,99,,,,,,,
588,,,,32,,10,,,,0,,,,,78,31,,16,,,,,28,,
589,,62,,,,,,,,,,,,28,,,,,22,,,5,58,38,72
590,49,,,,,,13,,,,,,32,11,,,2,37,,27,,,,,
591,,31,,,,,,88,,,7,20,,5,,,,42,,,,,47,,
592,,,,,,,,66,14,,1,,,,,46,,,9,,14,,,1,
593,,75,,,,,,100,66,,,,,,,100,,,,,50,,95,,88
594,,8,,59,,18,,,,,0,,,16,,,,23,,,,,34,,
595,,,,100,98,49,,,,,,100,,,87,,,,43,,,,88,,
596,89,,,71,78,,,81,27,64,,,,,,,,41,,,,,,,
597,,,,,45,,,46,7,,,,21,,30,45,24,,,,,,,,
598,,,,,100,,,,45,75,,,82,35,,,,,,88,51,,,,
599,,31,,,89,7,,,,,,56,,,,62,,,,,63,,,33,
600,,,,63,,0,,,,28,,,63,,,30,,39,19,,,,,,
601,,,63,,,7,0,,1,,10,32,,,,,,,,,,,,17,
602,,,55,,9,,,48,,,,,,,70,,,,,,4,0,,0,
603,,,80,,,10,17,,,,,,63,,,,,51,,,31,14,,,
604,,,,,,0,,,14,,,,,,72,,25,,,20,11,,35,,
605,,27,72,,80,,,,,,,,,15,,,,,0,,,,94,21,
606,,,,,90,,,,,65,,,,,76,68,,19,,30,,,,38,
607,,,54,,17,15,,,,,,,0,,66,,,,6,,,,,,4
608,,67,,,97,,,,,,,,86,,,,67,80,,76,,,,68,
609,,,,,50,,8,,,,,,,6,,,,,,,,41,60,3,29
610,67,74,,,,,,,28,,,,,11,,100,,,,,,56,,14,
611,,,100,,,,,,51,,,60,,,,,,,,31,55,0,83,,
612,18,,79,22,,,,,,,1,5,,,,,,,,23,,16,,,
613,,,,70,,,,49,3,,,12,,,,,,,,10,,,41,,51
614,,,,,,,,58,36,,,,,,57,,,31,,,31,,37,,48
615,,30,69,,,9,,,,,,29,,,75,,,19,,,,35,,,
616,,,,,,,,,27,27,,33,,,82,84,,42,,,,,,13,
617,,,,66,,31,,71,,56,,,,,,,37,,,34,,57,,,
618,,18,,69,,,,,,26,,,27,21,,,34,,,60,,,,,
619,,,,,,,39,,,,27,,72,,,69,53,,32,,54,,,,
620,,14,72,78,,28,,,,,,,,0,,,,,,,,,21,,28
621,,41,,,,0,,,,24,19,,,,,90,,59,,,,,,15,
622,,42,,,,,21,89,,,41,,70,26,,,,49,,,,,,,
623,33,,,,60,,,,29,6,,,,31,,56,,,,27,,,,,
624,,,90,,,9,,,,,,47,23,,,,40,23,,,14,,,,
625,,,,,28,,,,0,,,,,,43,,,0,,0,0,,51,,
626,44,,,,,19,13,,,50,68,,82,,,,,,,80,,,,,
627,64,,,,,16,,,,,,64,,,,,,54,25,,55,,,2,
628,,,46,,,,8,,,20,,,,6,,26,,,,,,23,,,51
629,,,74,,,,31,99,28,68,31,,,,,,,,53,,,,,,
630,,23,100,,,9,,,,,,,,1,,,28,,,,44,0,,,
631,,,,,,,,,,,,98,,23,,100,33,,,81,61,,82,,
632,28,16,,,,,,,,,,20,53,,,45,,,13,,,25,,,
633,,,,,,15,,,,28,22,,,0,,41,,,33,,15,,,,
634,,,100,,,,32,75,53,,,,,,100,,,71,,,,,,,96
635,83,,97,90,,,33,,,,,,86,,,,,,,,74,35,,,
636,,,,,,49,,,16,50,,,,28,74,,,,,,,,94,,63
637,,32,,,53,0,,,2,13,,,,,,,,,20,,,,,,78
638,,24,,,,,,64,21,19,,35,,,,,31,,,37,,,,,
639,,,,,,0,,89,,,,,85,,,63,,54,,44,,,73,,
640,,5,,,,,,,23,11,,,,0,63,,,2,,,,6,,,
641,,,,42,,0,24,,,,,,,,96,,,37,,,,,59,34,
642,,43,85,,69,,,,,,,56,,,93,80,,,,,,,,,62
643,59,,,,,12,30,,,,,80,,27,,,,,44,,,18,,,
644,,23,,,,,,,,,0,,35,,,,,,1,,8,,,0,15
645,,,66,,,0,,,,,11,,6,,,43,,14,0,,,,,,
646,11,,33,,,14,,,,,,,,,,53,,,,3,0,,,,21
647,,,,84,,,,86,,,,,86,35,,,35,,,,,,89,6,
648,,,53,,,,,,4,,,,,,50,40,,,,,13,,13,0,
649,,,,55,,,,,35,34,,,,,65,,48,,,58,,,,30,
650,100,,100,,,,32,,,,,,85,,,100,,,12,,,,100,,
651,,,,,,,,,,31,0,18,,13,71,,,,,,,23,,0,
652,,,,,49,,,85,,23,,,,0,65,,,42,,,,,,,15
653,,,82,,55,,,90,,27,25,,,,,,,,20,,,18,,,
654,,,,65,61,0,,,0,,,,,1,,,,0,,,3,,,,
655,,43,100,,76,,,,,,,,88,,75,,,,,,,10,,20,
656,,72,,,,0,,,66,,,,94,,,,49,43,,,,,84,,
657,,,,92,70,,34,,,,,,70,,,,54,,22,,,,,9,
658,,,,74,,,,,,,6,3,,,67,,,,,0,,,,12,38
659,62,,,,84,,41,,,,17,,,,,,,69,0,69,,,,,
660,33,,,47,,,,,,0,,,,,,57,,,,12,,20,,,54
661,,,,,70,,,88,,23,,28,,,,58,,,,,,,52,,68
662,22,,,,,,,44,,,,,,,70,,,,,,38,11,44,,24
663,,,90,,,,,89,,,,66,92,,,89,,,,,,,87,,97
664,0,,,,,,,,,,,,21,,69,,,1,,0,,15,36,,
665,68,37,,,,,,82,,48,,,,,63,,24,,,,,30,,,
666,,78,,,,,,,24,38,,71,,,94,,,,53,,,,,,85
667,,,,,,,10,83,,4,,,,,93,,,,,,35,,40,14,
668,,,69,,7,,0,,,30,0,,,,,,,,,,,,,6,30
669,,,88,,33,,8,,,,,,0,,,,,3,13,11,,,,,
670,,30,,,,3,,,12,24,,,57,,,,,,24,35,,,,,
671,,,88,,63,,12,,,,,,,,,88,,,23,,31,47,,,
672,,13,,,,,,,,0,26,10,,,,,0,,,27,,,53,,
673,42,31,76,,76,,,,,,,,,,,,,,19,,34,,60,,
674,,,75,,,,,,,21,,,73,,,,,48,,22,25,,,,38
675,,,,40,,,5,,,11,,,,,,,,13,,,14,10,,4,
676,75,46,96,,,,26,,,,3,,,,,,44,,,,,,86,,
677,38,,86,,,21,,98,,49,,,,,74,,,,,,,,,22,
678,,,,,,26,,,28,,,,,,79,86,,,43,,65,,,22,
679,,31,,,,,19,94,12,37,,,,,88,,,,,43,,,,,
680,2,,,,61,,,65,21,,,,,,,,,14,,,2,,,,23
681,,21,,74,,,,87,,,,,34,,,,27,,,30,,,,27,
682,2,,100,,,,,,,,,,33,0,42,,,0,,,15,,,,
683,,,,,,32,,,52,,,,,22,,,,48,28,39,,26,,,
684,30,,,,,,16,,,,,,,,45,,,,15,25,28,,43,,
685,,11,83,,,,10,,,,,,,,33,34,,,,,,,,17,21
686,,,,49,,0,,,,,,,3,,,35,,,0,,14,,,,37
687,,,,47,,,19,,,16,,34,,3,,66,,,6,,,,,,
688,,,80,,38,0,,,1,,11,,,,,,,,0,,,,46,,
689,,,,,60,,44,,,,,,,19,59,,,,45,,,52,65,,
690,67,,,,,38,,,,,48,89,,,,,,,12,,27,,,4,
691,94,,,,71,,,100,63,,,,,,84,,,,,,,,,43,100
692,18,,85,,,21,,90,,,,,,,48,,,28,,,,,,,48
693,82,,,,,0,,,,,36,100,100,,,,,,,83,95,,,,
694,9,,100,49,,,,,,,,,19,0,,,,,,,,,38,,58
695,15,,,60,,,,,26,17,,,,,70,,,,,9,,,24,,
696,,34,87,,,36,,,37,,,30,,,,75,,,,38,,,,,
697,,,85,98,,,,90,,64,,,,,,100,,,,86,78,,,,
698,,,,,,35,,84,,20,,,,,,86,82,,,64,81,,,,
699,,,94,98,87,,,,,,,,100,,99,,96,,12,,,,,,
700,,,,,66,0,,,49,,,,51,,,,,70,,,,28,88,,
701,,36,77,,74,,11,76,,,,34,,,,,,,5,,,,,,
702,,,,,,,,,,,4,,,,,,2,13,,19,,6,,11,6
703,17,0,,,25,,,,,3,,0,,0,,,,,,12,,,,,
704,30,,,,15,0,,,,26,8,,,0,,,,,,,,18,,,
705,38,,81,72,,,,,,,,,,15,,60,,12,,,21,,,,
706,34,,80,,63,,,,7,,,78,,,,,,,,,,,95,,76
707,,65,,,79,0,,,,,,,,,80,67,,,,,31,,,17,
708,,73,,,,,24,87,,,31,,,,,,,,,,61,19,,0,
709,,,,,45,,,,,18,,,27,,,,31,19,,,34,,26,,
710,,,,,52,,,,,,29,,,6,,62,,,19,,48,,80,,
711,,,,,,,,60,,3,,,,0,,52,,0,,,0,1,,,
712,,,80,,,,,,,,26,,,,,,19,22,37,42,,,,,56
713,71,,99,,,,,,,20,29,,,,,,,40,,,,16,54,,
714,,,,,,,,,,28,49,,,44,,,55,,2,,73,31,,,
715,,,,89,,,,,26,28,,,,,86,58,,,14,,,,39,,
716,,,93,76,,,,,,,36,,,,78,36,,26,,38,,,,,
717,26,,,67,,,,,,,56,,60,,92,,,,,,,,78,,72
718,,,,55,,,31,,58,44,,,,33,68,,,,,23,,,,,
719,9,,,,,,,,4,,11,,34,,,,,,0,,,,,0,48
720,69,,,89,,,,,71,,46,,,,100,94,,,,,,,,16,
721,,,,,,,,46,,,,,37,,,,25,,13,24,,,,0,29
722,,,,,,18,,,,,,92,76,,,,53,55,3,,45,,,,
723,34,36,,,49,5,,,,,15,,,,78,,,,,,,,,8,
724,37,,,,,,,,6,,,,61,15,90,,,,0,,,17,,,
725,44,,56,,,,18,,18,,11,,,,,,3,,,13,,,,,
726,14,,41,,,12,,47,,,0,,,,,,,,,,12,0,,,
727,7,,,,,,16,44,,,1,,,,,37,10,22,,,,,,,
728,45,,83,,,,,63,0,,3,,,,,,5,,,,,,58,,
729,,,,,,,,,,,0,,15,,,,4,,0,,21,,50,13,
730,22,,,,,,15,,,,0,,,0,,42,2,,,,,,,6,
731,,,,,,24,,,,,,96,,,,93,,65,,,81,,88,,100
732,27,,,79,,,,,,,,,,3,,23,3,,,,,,51,10,
733,,,51,,,,,97,0,15,,,11,11,,,,,,,,,,,0
734,,,71,60,,,,,,,,,30,,,32,0,,10,,,,30,,
735,67,,,88,,,45,,,,58,58,89,,,,,,,,58,,,,
736,,,,,,,2,,,,,,,,,,,,7,,8,4,11,16,46
737,,,66,,,,22,,23,,,,41,,46,,,,,,23,,,8,
738,55,87,82,,97,,,,,,48,71,,51,,,,,,,,,,,
739,,18,,,,,,,35,,35,,,,,,,,,25,38,13,,29,
740,,,,,92,,,,,,40,43,,18,,,,39,,,,,,16,71
741,,,,,,13,,,,9,,58,,,60,,26,,,41,,,56,,
742,68,,79,,,28,,,,51,,,,,,,,,10,62,,,62,,
743,,,,,,,5,74,,,,,23,,,,31,,,22,16,,,,69
744,,,,79,100,,,100,,,,,,,,84,59,,,,,,,38,93
745,,,83,56,,,11,,,,0,,20,,,,,,24,,19,,,,
746,,,86,,,,,,,,,,81,,,,57,,32,51,,23,,37,
747,39,23,,,,,,67,,44,,,,23,,,,,,,,,,13,77
748,22,,93,,,,,,18,5,,,26,,,,,,,,,,63,,57
749,0,,,,,,,,,,,0,3,,,47,,,13,,,14,,,30
750,,,,,53,,13,,,3,22,41,,,,36,,,,,38,,,,
751,,,,,,9,,,,,0,12,,,,,15,,14,,,,28,,38
752,,,93,71,,29,,,,,,46,36,,97,48,,,,,,,,,
753,52,,,91,,,,100,,76,54,,,,,,,,32,61,,,,,
754,,,100,,35,,,,,6,,,,,,22,,,0,,,,,0,48
755,,,95,,,,,,,,25,86,,23,,,,82,31,,,,,,89
756,,,,,86,,,,26,,,,,,85,,27,,,21,36,,,,67
757,,66,,93,,,26,,,60,,,92,42,,,,,,,,46,,,
758,,,79,,,,,,,20,,37,,,46,71,0,,,,,,,,49
759,,5,,,,,,,0,,,26,,0,,55,9,,,,,,0,,
760,,,,,,19,,,,,,,15,20,72,,,,,11,,,64,20,
761,,,,,92,,,,43,,,,100,,100,,47,,,49,,,,47,
762,27,,77,,68,,,,,,,,,,,,,52,6,65,42,,,,
763,41,,,,,21,14,,,,,,,0,,49,,,,,,23,,14,
764,,0,36,65,,0,,,0,,,,,0,,,,,,,,3,,,
765,,,51,54,,0,,,,3,16,,,0,,,,,,,10,,,,
766,,,,100,,,,85,,,6,,,,97,,,,10,,75,,,28,
767,,,,,,42,,,,78,,,72,,,,,56,39,66,,,,27,
768,,36,83,,,,,,42,,38,,,,,,,,,,36,,66,,51
769,,62,,81,,47,,79,,,,,,,,,85,,,,,,71,,100
770,,42,,,,,,100,,,,,,,70,,,,,53,,18,62,,85
771,,0,,,38,,0,,,,,,,,,,,14,,0,9,18,,,
772,,,,,37,0,,,,,,17,,0,46,,,,,,1,,6,,
773,10,,,,,17,,,,,11,,33,,,,27,,,,,,,10,63
774,,,,,87,,25,89,,,,,,,69,71,,,,,,,,35,76
775,,,84,,,25,,,,,54,59,,10,68,,,75,,,,,,,
776,86,,,,,,,100,37,,,,,,84,,,,,,28,,,26,83
777,,,,,,21,,,,,59,,,,81,72,,,,61,26,9,,,
778,,,,,61,,17,,,,48,,,,,,,33,21,23,,,,18,
779,,,,,,,0,,,0,11,7,,,,40,18,,,,,,,0,
780,86,,,,,,,,,37,,52,88,,,,63,,,,30,28,,,
781,,,96,,,13,,,26,,,,,,,,,50,,47,,32,58,,
782,,,,51,,,,,26,,21,,,,,74,,25,,,,,,13,36
783,,,82,,,38,,73,,37,,49,,,,,,,19,,,14,,,
784,,30,,,,,0,58,,,,,,,,,,,,,13,32,,15,49
785,,,,,,,0,,0,,0,0,,,62,45,,,,,,,,,28
786,,,,,,,12,,,,,82,,0,95,,,,,,61,28,,22,
787,,6,,,,12,0,,,,21,,14,,,,,0,,,21,,,,
788,12,,,,,,,,,21,,,,,73,,12,28,0,16,,,,,
789,,,,92,78,,,,,,,,38,,77,,,22,,,,33,48,,
790,,,,,94,36,,83,,9,,,,,,,21,53,,43,,,,,
791,,37,,,51,,,,,26,,,,,78,,2,,29,,,,,9,
792,,59,98,,,,49,,,,,,77,1,,,,,,,,27,48,,
793,89,72,,,,,25,,,,,,83,0,,,58,,,,,69,,,
794,,,,,,24,,,,54,,46,54,,82,,,,,,,,64,,66
795,,58,,87,100,40,,,,,,,,,100,,,,40,,,,,56,
796,8,,,,,,15,40,,,,,,11,,29,,16,,,,,26,,
797,,87,,,,,33,,,,,,75,44,,,,,24,,44,,,,85
798,,39,,81,,,,,87,,,,100,,,97,,,,59,,,78,,
799,,,,,,,7,,,,,,14,,70,54,,31,14,,,,,,39
800,,,95,96,,,,,31,,,,,,,,,,3,43,67,82,,,
801,,18,,63,,,,90,,6,,39,54,,,45,,,,,,,,,
802,92,,83,,66,,36,,,,,,,,70,,,,,59,,,,16,
803,,,,88,,,0,,,,,,,9,67,73,,,,,,24,,,63
804,,,,,,,,,11,18,,13,37,,,,,,,6,27,,13,,
805,,20,,62,,,,,,,,,,,,42,16,,,,6,8,,,23
806,69,,,,,,,92,38,59,,,,,,,,,,,,52,90,,97
807,,49,,62,,,,,,24,,22,,,,,,28,,27,,,,,55
808,,,,,,,,58,12,,,,,0,61,39,,13,,,,,,19,
809,,52,,68,,,,,,,,,,12,,68,29,,,,35,,,,68
810,,,,,,,,45,,,7,,,,,,,,0,,17,,0,0,20
811,70,,,86,,,,,38,,47,,74,,,,,45,,,,47,,,
812,,,,,,,,,36,,,,88,15,,,,,39,,57,37,89,,
813,,,,,,33,,,38,,,56,52,,66,56,,,,,,,,,50
814,,57,,,,,19,,,,,,,,,69,46,,,,,17,55,,61
815,,,,,,,16,,35,10,,16,,,61,,,,,,22,0,,,
816,,24,,,32,0,,,,,,43,,,,,,10,10,27,,,,,
817,,54,,92,,59,,,,,73,66,,,84,,31,,,,,,,,
818,,,,6,,,,,,4,7,0,,,,,,0,,0,,0,,,
819,,,,,97,,,,,81,,,,51,100,,24,,,,47,,,,75
820,,,,,,27,27,,,,,,,,,,,65,,53,33,,60,6,
821,,,,,,,29,100,,,70,,,0,,,,100,,,,74,91,,
822,,11,,,,,,,14,,,,,0,69,25,,,,,0,,0,,
823,,12,,78,,0,,,,11,24,,,,,,,,17,,,,59,,
824,,,65,,,0,,55,21,,,,,,,,,,,,,6,69,2,
825,,,83,,89,,55,,,,13,,,,,,74,56,,53,,,,,
826,,,83,,,,,,,,,,,,77,,21,23,,5,20,,,,38
827,,23,,,,,,90,,,31,,,12,58,,,,,5,23,,,,
828,,,,59,48,,,76,,40,6,,,,,65,,,,,,,,,60
829,,,95,71,,,,48,,,,,,,88,51,,,,,26,,,,49
830,,19,,27,,,,48,,,,,,,,,0,,,19,,,2,,52
831,,,,,37,,,,18,14,9,,,,78,,,,,28,,,,17,
832,45,,,,,,30,,,,,,83,,,,29,,15,,,,48,,61
833,,,,,73,,23,,,,41,62,,16,,69,,,18,,,,,,
834,,26,,,,,,,,,,24,,,49,35,41,,,,,,37,,36
835,,,,12,10,8,,,,,,0,,,,,11,,,,,,17,,0
836,,,98,,,17,,,,,,,,40,,77,,,,,27,,,22,70
837,,,97,,97,,,,30,13,12,,,,87,,,,,29,,,,,
838,91,,,,,,27,,62,,,53,99,,,,70,,,,,44,,,
839,,,74,,,,,97,49,29,1,,,,,,,,23,,58,,,,
840,,61,,92,,,,,,42,,,72,,,57,,,,,31,,,42,
841,57,,,,100,15,,,21,40,,,91,,,,66,,,,,,,,
842,,69,100,,,,48,,,,,,,,,,,56,,,81,79,,,97
843,,,,,,0,0,,,,23,,,,52,56,,,,,39,27,,,
844,,,,,72,,33,,,,,,,,65,58,47,,,,43,,44,,
845,,,,,,8,,,,,0,22,33,,41,20,,,,,,,5,,
846,38,,,,,4,,,,,18,66,,,78,,,43,,22,,,,,
847,,,,82,57,,,,,22,37,,,,,,40,,,,23,41,,,
848,,,,73,,,,,,,22,32,,12,,,,,13,,,30,72,,
849,,40,100,,,,,87,,,,36,71,,,,27,,,,,,70,,
850,,,66,,,,23,83,,34,,,,,,71,23,,,,43,,,,
851,,,94,100,,15,,,,,,88,,,,,,45,,,,59,,59,
852,,30,,,,9,,,,16,,58,,7,,42,,,,,,,58,,
853,,,,45,,,3,,,,,,,17,,21,,,,,0,1,,,32
854,10,10,,,41,,,76,14,,,,,0,,,,0,,,,,,,
855,47,,,,,,24,94,,,,,55,0,,,,,18,,64,,,,
856,,13,,,65,,19,,,,4,,,,100,,,,,,,25,,,46
857,,,,,,,2,,,,20,5,,,,,,7,0,16,,,60,,
858,70,,,100,100,,,90,,,,,,17,,100,,,,,73,,,,
859,,,72,,42,,7,,0,,,,,,,,,,,,0,,44,,37
860,,,,,,,13,,46,70,,,,18,,80,,,29,,86,,,,
861,,,,,,9,,,,,,82,,0,,,,,,61,,34,,35,73
862,51,,,,,,,83,,28,,,,22,78,,,67,,,35,,,,
863,,,,,,,14,,23,,,,,,58,51,15,,23,,,,,20,
864,,,,,28,,,41,,,,,,,54,,21,,8,8,,,15,,
865,,88,90,,79,,,,,95,,,86,,,,,,,,,52,100,,
866,91,,,,,,21,,18,10,18,,,,,,,33,,,,,87,,
867,51,,100,,,,,,,,2,61,,,,49,,,,,56,,,4,
868,,,,,,17,,98,,,31,,63,4,,,58,,13,,,,,,
869,43,,81,,,,0,,,42,,,,,68,,,,,,32,,,41,
870,,,,,,,2,,6,,,,,,,65,58,,27,49,,,70,,
871,29,,,,,,10,36,,,,,,,,43,,,,47,26,,49,,
872,,,,26,,,2,,0,,,,,,,37,,,,0,,8,,13,
873,,,91,,61,,,72,,,,,,,82,,,,,56,49,,,,76
874,,,71,55,,,,,15,13,,,,,,,9,,,,,0,,,65
875,48,,,,,,5,,,,,59,81,,,,,59,26,,,,58,,
876,29,,,,,,,,,14,,,,15,,,7,1,1,26,,,,,
877,50,,,,43,,,,35,,,,,0,,,7,35,,,,,,13,
878,,,,53,,,,,,,,,38,0,,,,,13,35,,,,27,49
879,,47,,,,,,96,,,30,,53,36,,,73,,,,,27,,,
880,,,,100,,,35,92,,,,,99,,,89,60,,13,,,,,,
881,,62,,90,,,,,60,,,,,,81,,75,,,,,,95,,75
882,27,,,74,,,14,,,,11,,,,70,,33,,,,,,62,,
883,,,92,,100,,16,,,,,,,,100,100,,49,,,,,77,,
884,,,,68,68,6,8,,,,,,,,,36,,22,,35,,,,,
885,71,,,,,23,39,,,,,,,,,99,40,,,72,,,,,94
886,,,,,,,,64,,21,,41,,9,76,,,,,,52,,41,,
887,,,95,,,,,85,,,,,,19,93,91,,,,,17,30,,,
888,,,96,,,,,,,,,99,73,,,,45,74,,,,,94,,71
889,,,,,,,,83,,71,40,,100,,,,,,,52,,,86,,99
890,,,68,,,2,,,,23,17,,0,,,62,,,,,,,,1,
891,,32,,,,,,,48,,,,53,,53,,38,21,,52,,,,,
892,,,,,,,,63,,,,43,,0,,,,,,,41,31,,10,51
893,,,,,,19,2,74,,21,19,,,,,40,,,,,,7,,,
894,,,,98,,3,31,,61,,,,81,,,,,48,,,,25,,,
895,,,100,,,,36,,,,52,,78,,72,,,,,,,,91,0,
896,,57,,,,,,100,,,,,,,95,,,100,20,43,64,,,,
897,10,,,44,,,,,,8,,,,0,,41,,,9,,,0,,,
898,,,100,,,,50,88,,66,41,,,15,,,,61,,,,,,,
899,,73,80,,,,,,,38,,,94,,,,,,,75,,,,12,89
900,,,,71,,1,,,,,,68,,20,,,78,,37,,,,68,,
901,,,,,,11,18,79,28,49,,,,,,,,,,,39,72,,,
902,43,,,,75,,,75,,45,,,,12,,,,,,54,31,,,,
903,,,,81,56,,10,,,,,63,46,,60,,,,,,,,,,45
904,,,,,,12,40,,,,,43,,,,57,,,,,,19,56,,49
905,,,,,,28,,,,,,,,,73,,,13,,,21,,39,4,49
906,,,90,78,,,,100,,,,37,,,87,,,,,,,10,,48,
907,100,,,,,4,24,,,47,,,,10,,,,,,60,,19,,,
908,,,,,,0,13,,,65,39,,,,98,,,92,,83,,,,,
909,,,,,,,,,22,25,,,,,,78,,24,5,,,,,26,59
910,71,59,,,,,37,,,,70,,,,95,87,,,,41,,,,,
911,,,92,,,0,,,8,,,34,,,,71,16,,,,,32,,,
912,,9,92,,,,5,,,,,26,24,20,,,,,,,,,,,46
913,37,,,,,,0,64,,,,,,,,,23,,0,,,,28,0,
914,2,,,,,0,,,3,,,,,,,,13,,,11,,12,29,,
915,34,,77,,,0,,66,,,,,,,,,,,,,30,15,,,40
916,70,26,,,65,,,,,,,85,,,,,59,,,45,,,,58,
917,,,,,,,6,,4,,,,19,,,34,,,,,,0,67,,12
918,,,,,,,49,,,,,100,77,,100,84,,,,53,,67,,,
919,,,75,56,,,,,,39,,,,,56,,,40,,23,,,,,49
920,53,31,74,69,,,43,51,,,,,,,,45,,,,,,,,,
921,44,55,,,55,11,,,47,,,,,27,,,,,,48,,,,,
922,77,,98,,83,28,,,,,24,,,29,,,,63,,,,,,,
923,,0,,,,0,,31,,,0,,,,,,,,,12,,4,31,,
924,17,5,,64,,,,,,5,19,,,,,,,,,,,0,28,,
925,,,,,100,,,92,,,,96,99,,,100,,,,,,74,,,93
926,,61,,95,,,,,,,,,,,76,92,59,,,,,,87,,91
927,29,,,,,21,,,,,,,50,,49,,30,,,,39,,,,71
928,91,,100,,98,0,,100,,,24,,,,,,,,,,,61,,,
929,,,,,100,,,97,,,29,,,,90,,,54,,92,,,100,,
930,,,60,,14,8,,,,,1,,,,,,3,0,12,,,,,,
931,,,64,,,6,,,,27,,48,,,,,,,44,,52,36,,,
932,27,,,,,,,,3,,21,,15,,,54,,,10,,5,,,,
933,,80,,,97,,17,,,,32,,97,,,,,,,,39,57,,,
934,,,,52,,,,,,,0,,,,58,,0,,,9,0,,,,28
935,,0,,,33,,0,,7,0,0,,,,36,,,,,,,,,,
936,28,,,,61,2,,68,,,,40,,,,,,,20,,,,44,,
937,,,,,,,54,,,80,,,,0,,,,100,50,87,,31,,,
938,8,,,,,,,,,,,,,,87,,17,,,0,,6,20,8,
939,,58,,,,31,,,,24,27,,,,77,,32,,,,,17,,,
940,,59,,84,,,,,,,53,100,,37,100,,,,,,91,,,,
941,,,,64,,,,87,,,20,,32,,69,,,14,0,,,,,,
942,,,,,79,,24,,,,,,,56,,100,,,65,,,,90,,97
943,,,,,,,5,,,,56,,100,,,,72,56,13,,,,88,,
944,,0,,,12,,15,,,0,,,,1,,,,3,,,,,,,27
945,0,,,22,,,,94,,10,,0,,,,,,0,,,,,,,30
946,,33,,,,9,,,,52,,,,,,74,,49,,,,38,,,55
947,,,,90,,,,,,65,,,,54,,88,,,46,45,,,100,,
948,,,100,,,,12,,,,,,,21,100,,,,,,,13,,13,56
949,74,,,,80,,,,,,,59,,,,75,,,,,,42,,16,57
950,,,,45,,,,75,,,14,,,4,,,1,11,,6,,,,,
951,,,,,,,5,73,18,,0,47,,5,,71,,,,,,,,,
952,,,,86,,31,,,,15,,,,21,83,58,,,0,,,,,,
953,,,,78,65,,,,,,,,,,59,45,10,26,,,,,14,,
954,,,,,,14,,,,,,,,0,71,68,,36,,,,20,,14,
955,,,,,,43,,99,,,20,,,38,,,,37,,,49,,,35,
956,24,,51,,,18,,,,,,32,,1,74,,,,10,,,,,,
957,57,,,,71,,,74,,,,,41,,85,,,,8,,,,,16,
958,,28,,,60,,,,,,,,54,,75,,,,2,,37,,,,56
959,0,,95,,,,,66,,,,13,,,,,,,,19,,,,0,23
960,,,,81,,,16,,24,,40,,,,,56,,,,,33,,,,72
961,,47,95,100,68,,,84,,,,,,26,,,,,,,,,77,,
962,100,,100,,100,,,,,,,81,84,,,,,,,100,69,,,,
963,,,82,,66,,20,,34,,,44,,,,53,,,,47,,,,,
964,53,,,,,,,84,30,,,54,,32,,,28,,,,52,,,,
965,,39,,,,,,,,86,,,,,84,,42,,,76,,,,36,90
966,,53,,79,79,,,,,,,,,,,,63,,,,51,,,0,82
967,,66,,,73,,5,,,,40,,,,,81,71,,,,,,,23,
968,0,,,67,20,,8,,0,,,,,,,22,,,,,,,40,,
969,,44,,,,0,48,,,,,,,,,,,,,43,68,52,,37,
970,,,,,,,,99,42,25,,,90,,,,39,29,,,,,,24,
971,,5,79,,,,,,,0,,,,0,,46,,,,,,,0,,33
972,,,,63,,,2,,21,,,,,,,52,,22,,,20,6,,,
973,,,,68,,,,,28,,,,65,,,65,,,,31,24,0,,,
974,,,,57,49,,12,47,,,,,,12,85,,19,,,,,,,,
975,4,,99,,,,,55,,,0,,,,,34,,17,0,,,,,,
976,,,,,,,,,27,,58,,,1,,,,50,,,72,,,32,66
977,37,,,,89,,30,70,,,26,44,,,,,,,,,57,,,,
978,,64,100,,,,,,,44,,,,37,,,77,,,,41,24,,,
979,37,18,,72,,,,,,11,,,,,57,,,,0,,25,,,,
980,,12,,,,4,,,18,,,,,20,,,,,12,30,,,,,32
981,7,,,,,,,45,0,,,16,15,,,32,0,,,,,,,,
982,,,,,56,,26,,,14,,,54,,,39,26,30,,,,,,,
983,38,22,,37,,,,,,,42,48,,,,,35,,,,,,,0,
984,100,,81,,,,47,,,,,,99,,,,,,,59,,12,,40,
985,,,,82,,,,,,,,,55,10,,,,0,0,,,0,,,8
986,74,,,,,,,,,48,48,,,,100,,,,,74,23,21,,,
987,,,94,,,,,,55,,49,,,,,,,,32,,,34,67,48,
988,,73,90,,,15,8,,,,,,,,,71,,,,52,,,,7,
989,,,,81,,,,,36,,,,,15,,72,27,41,,,,,68,,
990,9,,,,,,5,,,,,0,34,,81,,,,,,2,,,0,
991,43,,,,,2,,,,,,,,12,,46,,,19,,,,,26,75
992,,,,,,,,,,,30,75,,,78,83,,,0,,,28,,,86
993,,,,,,,,,50,,,,,,,,57,16,31,,35,,,0,54
994,,33,,,,,,,,,,,,6,69,,,14,,36,27,44,,,
995,,7,,58,37,,,74,,0,,,,,,,,,0,,,,17,,
996,,,,,,,0,78,,,40,,,,62,,65,,,,43,28,,,
997,,0,,,37,,,,,6,15,,,,,,,,12,2,7,,,,
998,,,,100,,,,,,,,,100,,,83,34,,,34,,,,28,100
999,,63,,,,,,,,,14,100,95,,,90,,,23,,,52,,,
1000,,22,96,,,,,,16,23,,,40,,,,,17,,35,,,,,
